customer_id,customer_age,gender,past_visit_count,past_cancellation_count,past_no_show_count
CUST_0001,36,Female,11,0,0
CUST_0002,26,Female,3,0,0
CUST_0003,20,Male,3,0,0
CUST_0004,31,Male,8,0,0
CUST_0005,18,Female,9,0,0
CUST_0006,40,Male,2,0,0
CUST_0007,35,Female,1,0,0
CUST_0008,42,Female,1,0,0
CUST_0009,24,Male,4,0,0
CUST_0010,29,Female,2,0,0
CUST_0011,30,Male,7,0,0
CUST_0012,45,Male,2,0,0
CUST_0013,24,Female,5,0,0
CUST_0014,29,Male,8,0,0
CUST_0015,34,Male,2,0,0
CUST_0016,20,Female,2,0,0
CUST_0017,29,Male,16,1,1
CUST_0018,39,Male,5,0,0
CUST_0019,32,Female,2,0,0
CUST_0020,34,Female,3,0,0
CUST_0021,38,Male,4,0,0
CUST_0022,19,Female,2,0,0
CUST_0023,37,Female,7,0,0
CUST_0024,48,Male,4,0,0
CUST_0025,46,Female,6,0,0
CUST_0026,33,Female,12,1,0
CUST_0027,26,Male,9,0,0
CUST_0028,24,Male,3,0,0
CUST_0029,38,Male,5,0,0
CUST_0030,27,Female,11,0,0
CUST_0031,34,Male,22,1,1
CUST_0032,27,Male,1,0,0
CUST_0033,23,Male,1,0,0
CUST_0034,54,Female,1,0,0
CUST_0035,23,Male,6,0,0
CUST_0036,39,Female,22,2,1
CUST_0037,45,Female,9,0,0
CUST_0038,18,Female,4,0,0
CUST_0039,32,Female,1,0,0
CUST_0040,27,Female,4,0,0
CUST_0041,31,Male,12,0,0
CUST_0042,23,Male,4,0,0
CUST_0043,34,Male,3,0,0
CUST_0044,40,Female,4,0,0
CUST_0045,18,Male,1,0,0
CUST_0046,45,Female,1,0,0
CUST_0047,27,Female,1,0,0
CUST_0048,37,Female,2,0,0
CUST_0049,32,Female,3,0,0
CUST_0050,18,Female,1,0,0
CUST_0051,34,Male,3,0,0
CUST_0052,42,Female,12,2,1
CUST_0053,43,Female,2,0,0
CUST_0054,44,Male,6,1,0
CUST_0055,19,Female,4,0,0
CUST_0056,34,Male,14,3,0
CUST_0057,30,Female,1,0,0
CUST_0058,29,Male,1,0,0
CUST_0059,31,Female,7,0,0
CUST_0060,33,Female,5,0,0
CUST_0061,20,Male,2,0,0
CUST_0062,30,Male,3,0,0
CUST_0063,35,Female,3,0,0
CUST_0064,18,Male,1,0,0
CUST_0065,32,Male,5,0,0
CUST_0066,37,Female,13,0,0
CUST_0067,33,Male,2,0,0
CUST_0068,28,Male,5,0,0
CUST_0069,25,Male,5,0,0
CUST_0070,29,Female,4,0,0
CUST_0071,21,Female,10,0,1
CUST_0072,37,Male,8,0,0
CUST_0073,32,Female,5,0,0
CUST_0074,18,Male,1,0,0
CUST_0075,41,Female,2,0,0
CUST_0076,48,Male,18,3,1
CUST_0077,34,Female,16,0,0
CUST_0078,42,Male,2,0,0
CUST_0079,27,Female,6,0,0
CUST_0080,39,Female,1,0,0
CUST_0081,32,Male,2,0,0
CUST_0082,34,Other,14,0,0
CUST_0083,43,Male,1,0,0
CUST_0084,18,Male,2,0,0
CUST_0085,38,Female,3,0,0
CUST_0086,25,Female,8,0,0
CUST_0087,33,Female,4,0,0
CUST_0088,37,Male,2,0,0
CUST_0089,31,Female,4,0,0
CUST_0090,31,Female,1,0,0
CUST_0091,38,Female,12,0,0
CUST_0092,45,Male,4,0,0
CUST_0093,38,Male,7,0,0
CUST_0094,22,Female,11,0,0
CUST_0095,46,Female,2,0,0
CUST_0096,29,Female,3,0,0
CUST_0097,32,Male,7,0,0
CUST_0098,44,Female,1,0,0
CUST_0099,32,Male,4,0,0
CUST_0100,36,Male,1,0,0
CUST_0101,34,Male,6,1,0
CUST_0102,34,Other,7,0,0
CUST_0103,29,Female,3,0,0
CUST_0104,47,Male,4,0,0
CUST_0105,18,Female,7,0,0
CUST_0106,35,Male,2,0,0
CUST_0107,22,Male,1,0,0
CUST_0108,31,Other,2,0,0
CUST_0109,24,Female,4,0,0
CUST_0110,24,Male,3,0,0
CUST_0111,48,Female,1,0,0
CUST_0112,24,Male,6,0,0
CUST_0113,48,Female,6,0,0
CUST_0114,32,Female,4,0,0
CUST_0115,28,Female,5,0,0
CUST_0116,34,Female,11,1,0
CUST_0117,41,Female,1,0,0
CUST_0118,28,Male,2,0,0
CUST_0119,30,Female,2,0,0
CUST_0120,24,Female,3,0,0
CUST_0121,26,Male,2,0,0
CUST_0122,31,Male,4,0,0
CUST_0123,25,Female,12,0,0
CUST_0124,44,Male,6,0,0
CUST_0125,18,Male,1,0,0
CUST_0126,40,Male,1,0,0
CUST_0127,25,Other,6,0,0
CUST_0128,29,Female,2,0,0
CUST_0129,30,Female,6,0,0
CUST_0130,32,Male,10,0,0
CUST_0131,39,Female,2,0,0
CUST_0132,27,Female,1,0,0
CUST_0133,39,Other,5,0,0
CUST_0134,24,Female,1,0,0
CUST_0135,39,Female,7,0,0
CUST_0136,40,Male,6,0,0
CUST_0137,22,Female,1,0,0
CUST_0138,42,Female,1,0,0
CUST_0139,49,Male,16,0,0
CUST_0140,28,Female,12,2,0
CUST_0141,40,Female,3,0,0
CUST_0142,18,Other,2,0,0
CUST_0143,43,Female,4,0,0
CUST_0144,49,Female,1,0,0
CUST_0145,24,Female,2,0,0
CUST_0146,32,Female,8,0,0
CUST_0147,18,Female,1,0,0
CUST_0148,26,Female,1,0,0
CUST_0149,46,Female,1,0,0
CUST_0150,23,Female,4,0,0
CUST_0151,25,Male,1,0,0
CUST_0152,30,Other,6,0,0
CUST_0153,29,Female,1,0,0
CUST_0154,19,Female,4,0,0
CUST_0155,35,Male,9,0,0
CUST_0156,26,Female,4,0,0
CUST_0157,41,Female,1,0,0
CUST_0158,32,Male,5,0,0
CUST_0159,30,Female,4,0,0
CUST_0160,18,Female,3,0,0
CUST_0161,18,Female,1,0,0
CUST_0162,26,Female,3,0,0
CUST_0163,24,Female,2,0,0
CUST_0164,25,Female,1,0,0
CUST_0165,31,Female,1,0,0
CUST_0166,24,Male,5,0,0
CUST_0167,20,Male,10,0,0
CUST_0168,25,Female,1,0,0
CUST_0169,26,Female,2,0,0
CUST_0170,30,Male,8,0,0
CUST_0171,29,Female,17,0,0
CUST_0172,47,Female,1,0,0
CUST_0173,39,Female,2,0,0
CUST_0174,26,Female,8,0,0
CUST_0175,35,Female,2,0,0
CUST_0176,18,Other,16,1,0
CUST_0177,37,Female,6,0,0
CUST_0178,26,Male,8,0,0
CUST_0179,39,Female,3,0,0
CUST_0180,27,Female,3,0,0
CUST_0181,22,Female,20,0,0
CUST_0182,53,Female,9,0,0
CUST_0183,59,Female,7,0,0
CUST_0184,23,Male,8,0,0
CUST_0185,30,Female,1,0,0
CUST_0186,21,Male,16,1,1
CUST_0187,18,Male,2,0,0
CUST_0188,24,Female,7,0,0
CUST_0189,38,Female,3,0,0
CUST_0190,37,Female,4,0,0
CUST_0191,37,Male,1,0,0
CUST_0192,38,Female,2,0,0
CUST_0193,48,Female,3,0,0
CUST_0194,35,Female,13,0,0
CUST_0195,31,Male,4,0,0
CUST_0196,53,Female,1,0,0
CUST_0197,37,Other,1,0,0
CUST_0198,32,Other,2,0,0
CUST_0199,36,Male,7,0,0
CUST_0200,24,Female,16,0,0
CUST_0201,19,Male,1,0,0
CUST_0202,30,Female,3,0,0
CUST_0203,19,Male,10,0,0
CUST_0204,39,Female,8,0,0
CUST_0205,38,Female,7,0,0
CUST_0206,20,Female,4,0,0
CUST_0207,38,Male,4,0,0
CUST_0208,41,Female,3,0,0
CUST_0209,21,Female,1,0,0
CUST_0210,36,Female,9,0,0
CUST_0211,38,Female,9,0,0
CUST_0212,25,Female,8,0,0
CUST_0213,33,Female,1,0,0
CUST_0214,18,Male,3,0,0
CUST_0215,34,Female,5,0,0
CUST_0216,42,Female,6,0,0
CUST_0217,43,Male,7,0,0
CUST_0218,27,Female,1,0,0
CUST_0219,22,Male,1,0,0
CUST_0220,36,Male,1,0,0
CUST_0221,35,Female,3,0,0
CUST_0222,33,Female,1,0,0
CUST_0223,39,Female,2,0,0
CUST_0224,37,Male,11,0,0
CUST_0225,41,Female,6,0,0
CUST_0226,39,Female,1,0,0
CUST_0227,18,Male,3,0,0
CUST_0228,42,Female,1,0,0
CUST_0229,32,Female,6,0,0
CUST_0230,33,Male,11,0,0
CUST_0231,40,Other,9,0,0
CUST_0232,25,Male,1,0,0
CUST_0233,24,Female,4,0,0
CUST_0234,47,Female,6,0,0
CUST_0235,23,Male,4,0,0
CUST_0236,27,Female,6,0,0
CUST_0237,40,Female,7,0,0
CUST_0238,31,Male,12,0,0
CUST_0239,36,Male,31,0,1
CUST_0240,26,Female,1,0,0
CUST_0241,52,Female,3,0,0
CUST_0242,26,Male,5,0,0
CUST_0243,26,Male,2,0,0
CUST_0244,41,Male,10,0,0
CUST_0245,37,Female,3,0,0
CUST_0246,36,Female,30,2,3
CUST_0247,40,Male,10,0,0
CUST_0248,18,Female,2,0,0
CUST_0249,33,Male,9,0,0
CUST_0250,23,Female,5,0,0
CUST_0251,35,Other,7,0,0
CUST_0252,42,Male,6,0,0
CUST_0253,26,Male,18,1,0
CUST_0254,22,Female,2,0,0
CUST_0255,37,Female,4,0,0
CUST_0256,24,Female,39,0,0
CUST_0257,33,Female,5,0,0
CUST_0258,34,Male,7,0,0
CUST_0259,39,Male,3,0,0
CUST_0260,35,Male,24,1,1
CUST_0261,29,Female,1,0,0
CUST_0262,52,Female,8,0,0
CUST_0263,49,Female,2,0,0
CUST_0264,31,Male,4,0,0
CUST_0265,23,Female,1,0,0
CUST_0266,33,Female,1,0,0
CUST_0267,30,Other,6,0,0
CUST_0268,36,Female,2,0,0
CUST_0269,18,Female,14,0,0
CUST_0270,33,Female,5,0,0
CUST_0271,34,Female,1,0,0
CUST_0272,28,Female,5,0,0
CUST_0273,32,Female,7,1,0
CUST_0274,33,Female,10,0,0
CUST_0275,33,Male,6,0,0
CUST_0276,44,Male,2,0,0
CUST_0277,29,Female,6,0,0
CUST_0278,28,Female,5,0,0
CUST_0279,27,Male,12,0,0
CUST_0280,32,Male,3,0,0
CUST_0281,18,Male,9,0,0
CUST_0282,30,Female,2,0,0
CUST_0283,41,Male,2,0,0
CUST_0284,43,Female,5,0,0
CUST_0285,22,Female,6,0,0
CUST_0286,41,Female,7,0,0
CUST_0287,39,Male,1,0,0
CUST_0288,32,Female,3,0,0
CUST_0289,38,Female,1,0,0
CUST_0290,20,Female,1,0,0
CUST_0291,22,Male,5,0,0
CUST_0292,23,Male,22,1,1
CUST_0293,35,Female,1,0,0
CUST_0294,39,Male,10,0,0
CUST_0295,22,Male,6,0,0
CUST_0296,35,Female,7,0,0
CUST_0297,29,Female,8,0,0
CUST_0298,22,Male,4,0,0
CUST_0299,24,Female,4,0,0
CUST_0300,46,Male,5,0,0
CUST_0301,40,Male,5,0,0
CUST_0302,35,Female,11,1,1
CUST_0303,25,Female,12,0,0
CUST_0304,18,Female,5,0,0
CUST_0305,37,Female,4,0,0
CUST_0306,34,Male,4,0,0
CUST_0307,48,Female,1,0,0
CUST_0308,40,Male,6,1,0
CUST_0309,28,Female,16,0,0
CUST_0310,43,Male,13,1,0
CUST_0311,32,Male,9,0,0
CUST_0312,47,Female,4,0,0
CUST_0313,26,Female,5,0,0
CUST_0314,18,Male,6,0,0
CUST_0315,26,Female,1,0,0
CUST_0316,31,Female,5,0,0
CUST_0317,19,Male,5,0,0
CUST_0318,34,Male,6,0,0
CUST_0319,55,Female,1,0,0
CUST_0320,36,Female,2,0,0
CUST_0321,35,Other,5,0,0
CUST_0322,26,Male,7,0,0
CUST_0323,35,Male,9,0,0
CUST_0324,35,Female,1,0,0
CUST_0325,35,Female,10,0,1
CUST_0326,29,Female,2,0,0
CUST_0327,34,Female,7,0,0
CUST_0328,18,Male,1,0,0
CUST_0329,32,Female,1,0,0
CUST_0330,37,Female,4,0,0
CUST_0331,30,Female,7,0,0
CUST_0332,46,Male,3,0,0
CUST_0333,52,Female,8,0,0
CUST_0334,18,Female,1,0,0
CUST_0335,36,Female,1,0,0
CUST_0336,23,Male,1,0,0
CUST_0337,27,Female,3,0,0
CUST_0338,46,Female,3,0,0
CUST_0339,30,Male,8,1,1
CUST_0340,34,Female,3,0,0
CUST_0341,35,Male,3,0,0
CUST_0342,28,Female,5,0,0
CUST_0343,30,Female,14,1,1
CUST_0344,27,Female,16,0,0
CUST_0345,34,Male,17,0,0
CUST_0346,35,Female,7,0,0
CUST_0347,48,Male,2,0,0
CUST_0348,48,Other,7,0,0
CUST_0349,41,Female,8,0,1
CUST_0350,40,Male,4,0,0
CUST_0351,29,Male,2,0,0
CUST_0352,18,Other,1,0,0
CUST_0353,28,Female,5,0,0
CUST_0354,47,Male,1,0,0
CUST_0355,18,Female,1,0,0
CUST_0356,49,Female,1,0,0
CUST_0357,22,Male,2,0,0
CUST_0358,26,Male,17,1,1
CUST_0359,23,Male,5,0,0
CUST_0360,19,Male,14,0,0
CUST_0361,39,Female,8,0,0
CUST_0362,26,Female,21,0,0
CUST_0363,45,Female,9,0,0
CUST_0364,36,Male,8,0,0
CUST_0365,45,Other,1,0,0
CUST_0366,21,Female,4,0,0
CUST_0367,35,Female,1,0,0
CUST_0368,32,Female,10,0,0
CUST_0369,34,Female,5,0,0
CUST_0370,28,Female,15,0,0
CUST_0371,35,Female,1,0,0
CUST_0372,30,Female,3,0,0
CUST_0373,37,Female,1,0,0
CUST_0374,32,Other,1,0,0
CUST_0375,35,Female,2,0,0
CUST_0376,51,Female,8,1,0
CUST_0377,32,Male,18,2,1
CUST_0378,33,Male,17,0,0
CUST_0379,18,Male,4,0,0
CUST_0380,34,Male,6,0,0
CUST_0381,38,Female,1,0,0
CUST_0382,24,Female,19,0,0
CUST_0383,39,Female,6,0,0
CUST_0384,42,Male,6,0,0
CUST_0385,18,Female,5,0,0
CUST_0386,31,Male,7,0,0
CUST_0387,34,Female,1,0,0
CUST_0388,18,Male,6,0,0
CUST_0389,25,Male,7,0,0
CUST_0390,41,Male,7,0,0
CUST_0391,30,Male,1,0,0
CUST_0392,31,Male,6,0,0
CUST_0393,33,Female,6,0,0
CUST_0394,29,Male,2,0,0
CUST_0395,34,Female,1,0,0
CUST_0396,23,Male,9,0,0
CUST_0397,37,Female,16,0,0
CUST_0398,40,Male,1,0,0
CUST_0399,27,Male,2,0,0
CUST_0400,29,Male,2,0,0
CUST_0401,27,Male,4,0,0
CUST_0402,46,Female,22,2,2
CUST_0403,25,Male,8,0,0
CUST_0404,34,Female,9,0,0
CUST_0405,49,Female,13,0,0
CUST_0406,35,Male,1,0,0
CUST_0407,34,Female,7,0,0
CUST_0408,18,Other,5,0,0
CUST_0409,28,Male,17,0,0
CUST_0410,20,Female,7,0,0
CUST_0411,44,Female,3,0,0
CUST_0412,59,Female,4,0,0
CUST_0413,29,Female,1,0,0
CUST_0414,33,Female,1,0,0
CUST_0415,21,Female,2,0,0
CUST_0416,19,Male,8,0,0
CUST_0417,27,Female,4,0,0
CUST_0418,33,Female,6,0,0
CUST_0419,28,Female,6,0,0
CUST_0420,33,Male,4,0,0
CUST_0421,29,Female,3,0,0
CUST_0422,19,Male,1,0,0
CUST_0423,38,Female,4,0,0
CUST_0424,43,Male,2,0,0
CUST_0425,36,Female,2,0,0
CUST_0426,29,Female,7,0,0
CUST_0427,30,Female,4,0,0
CUST_0428,44,Male,2,0,0
CUST_0429,38,Female,11,0,0
CUST_0430,19,Female,1,0,0
CUST_0431,25,Male,1,0,0
CUST_0432,33,Female,2,0,0
CUST_0433,23,Male,6,0,0
CUST_0434,18,Female,3,0,0
CUST_0435,34,Male,13,1,1
CUST_0436,20,Female,5,0,0
CUST_0437,42,Female,10,0,0
CUST_0438,32,Male,3,0,0
CUST_0439,35,Female,3,0,0
CUST_0440,28,Female,8,0,0
CUST_0441,35,Female,5,0,0
CUST_0442,28,Male,7,0,0
CUST_0443,18,Male,1,0,0
CUST_0444,34,Male,4,0,0
CUST_0445,54,Male,3,0,0
CUST_0446,41,Female,5,0,0
CUST_0447,18,Female,11,0,1
CUST_0448,39,Male,3,0,0
CUST_0449,20,Female,15,0,0
CUST_0450,32,Male,1,0,0
CUST_0451,18,Female,3,0,0
CUST_0452,33,Female,18,1,0
CUST_0453,27,Female,3,0,0
CUST_0454,47,Other,8,0,0
CUST_0455,36,Male,2,0,0
CUST_0456,26,Male,12,0,0
CUST_0457,37,Other,4,0,0
CUST_0458,25,Female,16,0,0
CUST_0459,37,Male,11,0,0
CUST_0460,34,Female,1,0,0
CUST_0461,23,Male,5,0,0
CUST_0462,45,Female,1,0,0
CUST_0463,29,Female,6,0,0
CUST_0464,48,Female,3,0,0
CUST_0465,40,Male,3,0,0
CUST_0466,27,Male,7,0,0
CUST_0467,18,Female,2,0,0
CUST_0468,18,Female,3,0,0
CUST_0469,45,Female,2,0,0
CUST_0470,34,Male,3,0,0
CUST_0471,18,Female,1,0,0
CUST_0472,22,Female,1,0,0
CUST_0473,26,Female,11,1,0
CUST_0474,19,Other,2,0,0
CUST_0475,26,Male,2,0,0
CUST_0476,32,Female,2,0,0
CUST_0477,57,Other,6,0,0
CUST_0478,28,Female,5,0,0
CUST_0479,33,Male,16,0,1
CUST_0480,32,Male,2,0,0
CUST_0481,40,Female,4,0,0
CUST_0482,18,Male,2,0,0
CUST_0483,43,Male,5,0,0
CUST_0484,30,Female,3,0,0
CUST_0485,38,Male,5,0,0
CUST_0486,18,Male,7,0,0
CUST_0487,28,Female,4,0,0
CUST_0488,39,Female,1,0,0
CUST_0489,30,Female,9,0,0
CUST_0490,25,Female,2,0,0
CUST_0491,24,Female,2,0,0
CUST_0492,53,Female,1,0,0
CUST_0493,32,Female,2,0,0
CUST_0494,34,Male,3,0,0
CUST_0495,48,Male,1,0,0
CUST_0496,28,Female,1,0,0
CUST_0497,41,Male,6,0,0
CUST_0498,24,Male,6,0,0
CUST_0499,31,Male,8,0,0
CUST_0500,28,Female,7,0,0
CUST_0501,41,Female,3,0,0
CUST_0502,18,Female,5,0,0
CUST_0503,32,Male,14,0,0
CUST_0504,26,Female,2,0,0
CUST_0505,21,Female,10,0,0
CUST_0506,55,Female,1,0,0
CUST_0507,35,Female,1,0,0
CUST_0508,28,Male,3,0,0
CUST_0509,29,Male,4,0,0
CUST_0510,19,Other,1,0,0
CUST_0511,28,Male,1,0,0
CUST_0512,28,Male,2,0,0
CUST_0513,38,Male,6,1,1
CUST_0514,30,Male,21,1,1
CUST_0515,29,Female,2,0,0
CUST_0516,32,Female,22,1,0
CUST_0517,43,Female,2,0,0
CUST_0518,18,Male,2,0,0
CUST_0519,22,Female,4,0,0
CUST_0520,18,Male,2,0,0
CUST_0521,34,Female,4,0,0
CUST_0522,18,Male,3,0,0
CUST_0523,42,Male,6,0,0
CUST_0524,24,Other,3,0,0
CUST_0525,21,Male,5,0,0
CUST_0526,30,Female,5,0,0
CUST_0527,39,Female,3,0,0
CUST_0528,39,Female,5,0,0
CUST_0529,18,Female,13,0,0
CUST_0530,34,Female,1,0,0
CUST_0531,35,Male,1,0,0
CUST_0532,21,Female,12,0,0
CUST_0533,18,Female,4,0,0
CUST_0534,18,Other,1,0,0
CUST_0535,26,Female,1,0,0
CUST_0536,28,Female,6,0,0
CUST_0537,40,Female,1,0,0
CUST_0538,20,Female,14,0,0
CUST_0539,24,Female,5,0,0
CUST_0540,24,Other,5,0,0
CUST_0541,23,Male,6,0,0
CUST_0542,20,Female,1,0,0
CUST_0543,23,Male,6,0,0
CUST_0544,21,Male,4,0,0
CUST_0545,38,Female,7,0,0
CUST_0546,24,Male,2,0,0
CUST_0547,22,Female,3,0,0
CUST_0548,18,Female,3,0,0
CUST_0549,51,Female,2,0,0
CUST_0550,26,Male,2,0,0
CUST_0551,50,Male,1,0,0
CUST_0552,46,Female,2,0,0
CUST_0553,35,Other,11,1,1
CUST_0554,49,Female,8,0,0
CUST_0555,38,Male,3,0,0
CUST_0556,34,Male,12,0,0
CUST_0557,36,Male,2,0,0
CUST_0558,32,Male,2,0,0
CUST_0559,38,Female,2,0,0
CUST_0560,35,Female,8,0,0
CUST_0561,32,Male,4,0,0
CUST_0562,43,Male,2,0,0
CUST_0563,32,Other,11,0,0
CUST_0564,52,Male,3,0,0
CUST_0565,18,Male,2,0,0
CUST_0566,52,Other,9,0,0
CUST_0567,40,Female,2,0,0
CUST_0568,34,Male,3,0,0
CUST_0569,35,Female,2,0,0
CUST_0570,23,Other,3,0,0
CUST_0571,18,Female,1,0,0
CUST_0572,26,Female,2,0,0
CUST_0573,30,Female,8,0,0
CUST_0574,41,Male,12,1,1
CUST_0575,29,Female,8,0,0
CUST_0576,24,Male,8,0,0
CUST_0577,19,Female,5,0,0
CUST_0578,49,Male,1,0,0
CUST_0579,37,Female,2,0,0
CUST_0580,27,Female,7,0,0
CUST_0581,30,Female,4,1,0
CUST_0582,21,Male,1,0,0
CUST_0583,25,Male,4,0,0
CUST_0584,47,Male,3,0,0
CUST_0585,41,Male,1,0,0
CUST_0586,38,Female,4,0,0
CUST_0587,35,Male,1,0,0
CUST_0588,24,Male,10,0,0
CUST_0589,22,Male,8,0,0
CUST_0590,25,Female,12,1,1
CUST_0591,24,Female,6,0,0
CUST_0592,31,Male,1,0,0
CUST_0593,26,Female,5,0,0
CUST_0594,26,Male,3,0,0
CUST_0595,42,Female,2,0,0
CUST_0596,42,Female,3,0,0
CUST_0597,48,Male,12,1,1
CUST_0598,42,Female,2,0,0
CUST_0599,29,Female,6,0,0
CUST_0600,31,Female,7,0,0
CUST_0601,40,Female,5,0,0
CUST_0602,39,Male,4,0,0
CUST_0603,18,Female,3,0,0
CUST_0604,43,Male,4,0,0
CUST_0605,18,Male,1,0,0
CUST_0606,36,Male,6,0,0
CUST_0607,22,Male,1,0,0
CUST_0608,32,Female,2,0,0
CUST_0609,38,Male,3,0,0
CUST_0610,18,Male,1,0,0
CUST_0611,36,Female,1,0,0
CUST_0612,29,Male,15,0,0
CUST_0613,43,Female,1,0,0
CUST_0614,21,Female,4,0,0
CUST_0615,36,Male,6,0,0
CUST_0616,42,Male,7,0,0
CUST_0617,32,Female,14,0,0
CUST_0618,30,Male,4,0,0
CUST_0619,42,Female,6,0,0
CUST_0620,41,Female,2,0,0
CUST_0621,35,Female,5,0,0
CUST_0622,36,Male,3,0,0
CUST_0623,20,Male,6,0,0
CUST_0624,34,Female,10,0,0
CUST_0625,19,Female,4,0,0
CUST_0626,29,Female,5,0,0
CUST_0627,40,Male,5,0,0
CUST_0628,20,Male,3,0,0
CUST_0629,29,Male,11,0,0
CUST_0630,18,Other,9,1,0
CUST_0631,27,Other,5,0,0
CUST_0632,32,Female,10,0,0
CUST_0633,35,Female,8,0,0
CUST_0634,20,Male,5,0,0
CUST_0635,27,Female,7,0,0
CUST_0636,27,Female,4,0,0
CUST_0637,39,Male,16,0,0
CUST_0638,48,Female,2,0,0
CUST_0639,43,Female,1,0,0
CUST_0640,42,Female,1,0,0
CUST_0641,23,Male,3,0,0
CUST_0642,42,Other,17,0,0
CUST_0643,51,Female,2,0,0
CUST_0644,56,Female,1,0,0
CUST_0645,51,Male,13,0,1
CUST_0646,29,Male,1,0,0
CUST_0647,21,Male,3,0,0
CUST_0648,22,Female,7,0,0
CUST_0649,55,Female,1,0,0
CUST_0650,31,Male,3,0,0
CUST_0651,45,Male,15,2,2
CUST_0652,20,Female,19,2,1
CUST_0653,37,Female,2,0,0
CUST_0654,36,Female,4,0,0
CUST_0655,30,Female,2,0,0
CUST_0656,18,Female,7,0,0
CUST_0657,18,Male,4,0,0
CUST_0658,39,Female,4,0,0
CUST_0659,27,Male,7,0,0
CUST_0660,22,Male,10,0,0
CUST_0661,28,Male,14,0,0
CUST_0662,28,Male,12,0,0
CUST_0663,24,Male,16,2,1
CUST_0664,23,Female,1,0,0
CUST_0665,36,Male,1,0,0
CUST_0666,30,Female,1,0,0
CUST_0667,21,Male,7,0,0
CUST_0668,43,Male,5,0,0
CUST_0669,31,Male,1,0,0
CUST_0670,26,Female,7,0,0
CUST_0671,18,Male,2,0,0
CUST_0672,36,Female,3,0,0
CUST_0673,21,Male,2,0,0
CUST_0674,28,Female,2,0,0
CUST_0675,24,Male,2,0,0
CUST_0676,28,Female,4,0,0
CUST_0677,26,Male,3,0,0
CUST_0678,37,Male,1,0,0
CUST_0679,18,Male,1,0,0
CUST_0680,26,Male,7,0,0
CUST_0681,18,Female,1,0,0
CUST_0682,22,Other,18,1,1
CUST_0683,35,Male,8,0,0
CUST_0684,45,Female,1,0,0
CUST_0685,34,Female,6,0,0
CUST_0686,40,Male,6,0,0
CUST_0687,21,Female,6,0,0
CUST_0688,22,Male,3,0,0
CUST_0689,25,Female,14,0,1
CUST_0690,26,Female,1,0,0
CUST_0691,49,Female,2,0,0
CUST_0692,34,Female,13,0,0
CUST_0693,29,Female,2,0,0
CUST_0694,29,Male,11,0,0
CUST_0695,23,Female,1,0,0
CUST_0696,25,Female,7,1,0
CUST_0697,29,Female,11,0,0
CUST_0698,28,Female,3,0,0
CUST_0699,20,Female,14,0,0
CUST_0700,24,Male,1,0,0
CUST_0701,44,Male,2,0,0
CUST_0702,33,Male,1,0,0
CUST_0703,40,Female,20,0,0
CUST_0704,39,Female,1,0,0
CUST_0705,25,Other,4,0,0
CUST_0706,24,Male,2,0,0
CUST_0707,48,Other,1,0,0
CUST_0708,51,Female,4,0,0
CUST_0709,28,Male,3,0,0
CUST_0710,21,Female,1,0,0
CUST_0711,18,Female,2,0,0
CUST_0712,35,Male,2,0,0
CUST_0713,33,Female,1,0,0
CUST_0714,35,Female,5,0,0
CUST_0715,18,Male,1,0,0
CUST_0716,30,Female,15,0,0
CUST_0717,31,Female,3,0,0
CUST_0718,30,Other,13,0,0
CUST_0719,22,Male,7,0,0
CUST_0720,27,Male,1,0,0
CUST_0721,26,Female,12,1,1
CUST_0722,25,Female,11,0,0
CUST_0723,43,Female,8,0,0
CUST_0724,40,Male,7,0,0
CUST_0725,28,Other,1,0,0
CUST_0726,39,Female,3,0,0
CUST_0727,27,Female,3,0,0
CUST_0728,36,Male,16,0,0
CUST_0729,65,Other,3,0,0
CUST_0730,40,Female,3,0,0
CUST_0731,18,Male,1,0,0
CUST_0732,39,Female,4,0,0
CUST_0733,31,Female,6,0,0
CUST_0734,18,Female,1,0,0
CUST_0735,30,Other,3,0,0
CUST_0736,37,Male,5,0,0
CUST_0737,33,Female,2,0,0
CUST_0738,32,Female,5,0,0
CUST_0739,18,Female,7,1,0
CUST_0740,18,Male,12,0,0
CUST_0741,48,Male,8,0,0
CUST_0742,18,Male,5,0,0
CUST_0743,25,Female,2,0,0
CUST_0744,25,Female,16,1,0
CUST_0745,25,Female,4,0,0
CUST_0746,27,Male,1,0,0
CUST_0747,25,Male,3,0,0
CUST_0748,18,Male,1,0,0
CUST_0749,18,Female,5,0,0
CUST_0750,30,Female,5,0,0
CUST_0751,27,Male,16,0,0
CUST_0752,43,Male,3,0,0
CUST_0753,34,Female,6,0,0
CUST_0754,22,Female,1,0,0
CUST_0755,43,Male,6,0,0
CUST_0756,34,Female,5,0,0
CUST_0757,18,Female,1,0,0
CUST_0758,36,Male,3,0,0
CUST_0759,18,Male,1,0,0
CUST_0760,43,Female,1,0,0
CUST_0761,30,Female,2,0,0
CUST_0762,19,Female,2,0,0
CUST_0763,20,Other,11,0,0
CUST_0764,18,Male,2,0,0
CUST_0765,32,Female,3,0,0
CUST_0766,44,Female,5,0,0
CUST_0767,40,Female,2,0,0
CUST_0768,37,Female,2,0,0
CUST_0769,26,Male,3,0,0
CUST_0770,42,Female,10,0,0
CUST_0771,28,Female,3,0,0
CUST_0772,46,Male,16,1,2
CUST_0773,29,Female,7,0,0
CUST_0774,50,Female,2,0,0
CUST_0775,43,Female,1,0,0
CUST_0776,38,Male,10,0,0
CUST_0777,44,Male,4,0,0
CUST_0778,18,Female,19,1,0
CUST_0779,34,Male,5,0,0
CUST_0780,26,Male,13,0,0
CUST_0781,28,Female,3,0,0
CUST_0782,26,Female,5,0,0
CUST_0783,36,Male,3,0,0
CUST_0784,43,Male,2,0,0
CUST_0785,30,Male,2,0,0
CUST_0786,35,Other,2,0,0
CUST_0787,20,Female,1,0,0
CUST_0788,24,Female,15,1,0
CUST_0789,22,Female,7,1,0
CUST_0790,38,Male,16,0,0
CUST_0791,28,Male,3,0,0
CUST_0792,25,Male,3,0,0
CUST_0793,48,Male,1,0,0
CUST_0794,37,Male,3,0,0
CUST_0795,29,Male,3,0,0
CUST_0796,34,Female,4,0,0
CUST_0797,39,Female,3,0,0
CUST_0798,31,Male,2,0,0
CUST_0799,36,Male,7,0,0
CUST_0800,43,Male,4,0,0
CUST_0801,30,Male,4,0,0
CUST_0802,46,Female,6,0,0
CUST_0803,36,Female,5,0,0
CUST_0804,35,Female,5,0,0
CUST_0805,30,Female,8,0,0
CUST_0806,30,Female,2,0,0
CUST_0807,38,Female,8,0,0
CUST_0808,27,Female,1,0,0
CUST_0809,30,Female,1,0,0
CUST_0810,30,Female,5,0,0
CUST_0811,27,Female,12,0,1
CUST_0812,38,Male,3,0,0
CUST_0813,30,Female,4,0,0
CUST_0814,46,Female,12,0,0
CUST_0815,20,Female,6,0,0
CUST_0816,24,Female,2,0,0
CUST_0817,38,Female,2,0,0
CUST_0818,21,Male,4,0,0
CUST_0819,24,Other,6,0,0
CUST_0820,36,Female,1,0,0
CUST_0821,27,Male,5,0,0
CUST_0822,37,Male,8,0,0
CUST_0823,32,Male,21,0,0
CUST_0824,35,Male,13,0,0
CUST_0825,35,Female,9,0,0
CUST_0826,29,Male,1,0,0
CUST_0827,21,Male,8,0,0
CUST_0828,35,Male,6,0,0
CUST_0829,27,Female,3,0,0
CUST_0830,37,Female,4,0,0
CUST_0831,33,Female,1,0,0
CUST_0832,23,Female,1,0,0
CUST_0833,35,Other,10,0,0
CUST_0834,25,Female,3,0,0
CUST_0835,18,Female,1,0,0
CUST_0836,24,Female,5,0,0
CUST_0837,27,Female,4,0,0
CUST_0838,46,Male,4,0,0
CUST_0839,33,Female,8,0,0
CUST_0840,38,Male,1,0,0
CUST_0841,35,Male,2,0,0
CUST_0842,24,Female,6,0,0
CUST_0843,18,Male,5,0,0
CUST_0844,20,Female,23,1,0
CUST_0845,37,Female,5,0,0
CUST_0846,18,Male,6,0,0
CUST_0847,33,Male,21,1,2
CUST_0848,18,Male,1,0,0
CUST_0849,37,Female,4,0,0
CUST_0850,40,Other,3,0,0
CUST_0851,33,Male,3,0,0
CUST_0852,25,Male,4,0,0
CUST_0853,33,Male,16,0,0
CUST_0854,46,Female,18,0,1
CUST_0855,28,Female,16,0,0
CUST_0856,32,Male,8,0,0
CUST_0857,37,Male,1,0,0
CUST_0858,29,Male,7,0,0
CUST_0859,18,Female,2,0,0
CUST_0860,36,Female,4,0,0
CUST_0861,35,Male,20,0,0
CUST_0862,18,Female,4,0,0
CUST_0863,24,Male,11,0,0
CUST_0864,23,Female,2,0,0
CUST_0865,42,Male,2,0,0
CUST_0866,37,Male,9,0,0
CUST_0867,21,Other,1,0,0
CUST_0868,26,Female,1,0,0
CUST_0869,36,Male,2,0,0
CUST_0870,42,Female,5,0,0
CUST_0871,46,Male,7,0,0
CUST_0872,34,Male,9,0,0
CUST_0873,37,Female,3,0,0
CUST_0874,18,Female,5,0,0
CUST_0875,22,Male,15,1,0
CUST_0876,31,Male,7,0,0
CUST_0877,26,Other,6,0,0
CUST_0878,39,Male,6,1,0
CUST_0879,24,Male,2,0,0
CUST_0880,33,Female,5,0,0
CUST_0881,32,Female,1,0,0
CUST_0882,36,Female,5,0,0
CUST_0883,34,Male,2,0,0
CUST_0884,28,Male,3,0,0
CUST_0885,35,Female,14,0,0
CUST_0886,23,Female,4,0,0
CUST_0887,18,Male,4,0,0
CUST_0888,18,Female,5,0,0
CUST_0889,36,Male,8,0,0
CUST_0890,18,Female,10,0,0
CUST_0891,30,Female,11,0,0
CUST_0892,25,Other,3,0,0
CUST_0893,41,Male,4,0,0
CUST_0894,29,Male,1,0,0
CUST_0895,29,Male,10,1,0
CUST_0896,18,Female,3,0,0
CUST_0897,22,Female,6,0,0
CUST_0898,23,Male,3,0,0
CUST_0899,40,Female,3,0,0
CUST_0900,28,Male,1,0,0
CUST_0901,29,Male,3,0,0
CUST_0902,34,Female,3,0,0
CUST_0903,34,Male,3,0,0
CUST_0904,36,Female,20,1,0
CUST_0905,39,Female,2,0,0
CUST_0906,22,Female,9,0,0
CUST_0907,26,Male,2,0,0
CUST_0908,30,Female,7,0,0
CUST_0909,29,Female,3,0,0
CUST_0910,22,Male,6,1,0
CUST_0911,49,Male,15,0,0
CUST_0912,19,Male,4,0,0
CUST_0913,30,Female,2,0,0
CUST_0914,32,Female,5,0,0
CUST_0915,33,Female,5,0,0
CUST_0916,18,Female,8,0,0
CUST_0917,31,Female,6,0,0
CUST_0918,41,Female,2,0,0
CUST_0919,23,Female,7,0,0
CUST_0920,33,Female,10,0,0
CUST_0921,22,Female,7,0,0
CUST_0922,22,Female,4,0,0
CUST_0923,31,Female,3,0,0
CUST_0924,25,Male,7,0,0
CUST_0925,42,Female,4,0,0
CUST_0926,28,Male,3,0,0
CUST_0927,27,Male,18,0,0
CUST_0928,33,Female,1,0,0
CUST_0929,21,Male,3,0,0
CUST_0930,33,Male,8,0,0
CUST_0931,23,Male,17,0,0
CUST_0932,35,Female,5,0,0
CUST_0933,43,Male,5,0,0
CUST_0934,37,Male,6,0,0
CUST_0935,51,Male,3,0,0
CUST_0936,30,Male,14,1,1
CUST_0937,40,Male,2,0,0
CUST_0938,28,Female,3,0,0
CUST_0939,26,Female,5,0,0
CUST_0940,24,Female,4,0,0
CUST_0941,29,Other,8,0,0
CUST_0942,31,Male,1,0,0
CUST_0943,18,Male,4,0,0
CUST_0944,21,Female,7,0,0
CUST_0945,35,Female,32,1,0
CUST_0946,44,Female,5,0,0
CUST_0947,18,Male,3,0,0
CUST_0948,18,Female,1,0,0
CUST_0949,18,Female,1,0,0
CUST_0950,46,Female,7,0,0
CUST_0951,20,Female,8,0,0
CUST_0952,23,Female,2,0,0
CUST_0953,28,Female,6,0,0
CUST_0954,23,Male,4,0,0
CUST_0955,44,Female,6,0,0
CUST_0956,21,Male,17,0,0
CUST_0957,37,Male,2,0,0
CUST_0958,31,Male,4,0,0
CUST_0959,26,Other,4,0,0
CUST_0960,35,Female,2,0,0
CUST_0961,38,Female,5,0,0
CUST_0962,32,Male,6,0,0
CUST_0963,30,Female,5,0,0
CUST_0964,36,Female,10,0,0
CUST_0965,33,Female,2,0,0
CUST_0966,18,Female,6,0,0
CUST_0967,29,Male,4,0,0
CUST_0968,39,Male,8,0,0
CUST_0969,37,Male,1,0,0
CUST_0970,41,Female,1,0,0
CUST_0971,53,Female,2,0,0
CUST_0972,35,Male,6,0,0
CUST_0973,28,Female,1,0,0
CUST_0974,47,Female,3,0,0
CUST_0975,48,Male,3,0,0
CUST_0976,25,Female,3,0,0
CUST_0977,41,Female,8,0,1
CUST_0978,19,Female,22,0,0
CUST_0979,46,Female,1,0,0
CUST_0980,33,Female,4,0,0
CUST_0981,41,Female,11,0,0
CUST_0982,31,Female,8,0,0
CUST_0983,37,Female,11,2,0
CUST_0984,20,Male,4,0,0
CUST_0985,37,Female,1,0,0
CUST_0986,58,Female,14,0,1
CUST_0987,33,Female,1,0,0
CUST_0988,36,Female,4,0,0
CUST_0989,38,Male,2,0,0
CUST_0990,46,Female,8,0,0
CUST_0991,39,Female,4,0,0
CUST_0992,48,Female,11,0,0
CUST_0993,50,Male,1,0,0
CUST_0994,18,Male,1,0,0
CUST_0995,18,Male,23,1,1
CUST_0996,35,Female,9,0,0
CUST_0997,43,Female,14,0,0
CUST_0998,44,Female,5,0,0
CUST_0999,46,Female,7,0,0
CUST_1000,45,Female,1,0,0
CUST_1001,18,Other,2,0,0
CUST_1002,19,Female,1,0,0
CUST_1003,18,Male,1,0,0
CUST_1004,23,Male,3,0,0
CUST_1005,34,Female,14,0,0
CUST_1006,37,Female,3,0,0
CUST_1007,44,Female,11,0,0
CUST_1008,35,Female,8,0,0
CUST_1009,18,Male,4,0,0
CUST_1010,27,Male,4,0,0
CUST_1011,20,Male,9,0,0
CUST_1012,28,Male,4,0,0
CUST_1013,28,Female,12,0,0
CUST_1014,40,Male,5,0,0
CUST_1015,18,Female,11,1,0
CUST_1016,29,Female,10,0,0
CUST_1017,18,Female,1,0,0
CUST_1018,32,Male,3,0,0
CUST_1019,36,Female,2,0,0
CUST_1020,18,Male,4,0,0
CUST_1021,21,Male,18,1,0
CUST_1022,40,Female,4,0,0
CUST_1023,25,Female,5,0,0
CUST_1024,31,Female,4,0,0
CUST_1025,41,Female,2,0,0
CUST_1026,18,Female,5,0,0
CUST_1027,20,Male,9,0,0
CUST_1028,32,Female,3,0,0
CUST_1029,18,Female,10,0,0
CUST_1030,49,Male,3,0,0
CUST_1031,37,Male,4,0,0
CUST_1032,41,Female,1,0,0
CUST_1033,40,Female,5,0,0
CUST_1034,28,Female,1,0,0
CUST_1035,39,Female,1,0,0
CUST_1036,18,Female,10,0,0
CUST_1037,45,Female,2,0,0
CUST_1038,45,Female,15,1,0
CUST_1039,18,Male,5,0,0
CUST_1040,42,Female,2,0,0
CUST_1041,30,Female,1,0,0
CUST_1042,41,Male,1,0,0
CUST_1043,18,Female,2,0,0
CUST_1044,21,Female,14,0,0
CUST_1045,28,Female,9,0,0
CUST_1046,47,Female,4,0,0
CUST_1047,18,Female,12,0,0
CUST_1048,32,Female,10,0,0
CUST_1049,34,Female,1,0,0
CUST_1050,18,Male,4,0,0
CUST_1051,23,Other,1,0,0
CUST_1052,25,Female,1,0,0
CUST_1053,34,Female,3,0,0
CUST_1054,35,Female,1,0,0
CUST_1055,27,Female,4,0,0
CUST_1056,24,Other,9,0,0
CUST_1057,26,Female,6,0,0
CUST_1058,18,Male,3,0,0
CUST_1059,21,Female,6,0,0
CUST_1060,21,Female,23,0,0
CUST_1061,18,Female,8,1,0
CUST_1062,52,Male,5,0,0
CUST_1063,32,Male,7,0,0
CUST_1064,54,Female,3,0,0
CUST_1065,43,Female,10,0,0
CUST_1066,20,Male,13,1,0
CUST_1067,26,Male,7,0,0
CUST_1068,43,Female,2,0,0
CUST_1069,27,Female,1,0,0
CUST_1070,19,Female,2,0,0
CUST_1071,37,Male,6,0,0
CUST_1072,39,Female,4,0,0
CUST_1073,44,Female,9,1,1
CUST_1074,46,Female,8,0,0
CUST_1075,55,Male,1,0,0
CUST_1076,50,Female,6,0,0
CUST_1077,40,Female,1,0,0
CUST_1078,40,Male,4,0,0
CUST_1079,52,Female,5,0,0
CUST_1080,25,Female,2,0,0
CUST_1081,23,Female,7,0,0
CUST_1082,28,Other,7,0,0
CUST_1083,20,Other,9,0,0
CUST_1084,27,Male,7,0,0
CUST_1085,31,Male,4,0,0
CUST_1086,26,Female,1,0,0
CUST_1087,38,Female,2,0,0
CUST_1088,29,Male,5,0,0
CUST_1089,24,Male,8,1,0
CUST_1090,18,Female,6,0,0
CUST_1091,30,Female,1,0,0
CUST_1092,41,Male,20,1,0
CUST_1093,38,Female,2,0,0
CUST_1094,27,Male,5,0,0
CUST_1095,30,Male,7,0,0
CUST_1096,18,Male,9,0,0
CUST_1097,41,Female,7,0,0
CUST_1098,30,Male,1,0,0
CUST_1099,37,Female,6,1,0
CUST_1100,32,Female,4,0,0
CUST_1101,20,Male,1,0,0
CUST_1102,38,Male,14,0,1
CUST_1103,20,Male,1,0,0
CUST_1104,42,Male,8,0,0
CUST_1105,25,Female,3,0,0
CUST_1106,29,Female,10,0,0
CUST_1107,18,Other,3,0,0
CUST_1108,33,Female,3,0,0
CUST_1109,51,Male,7,1,0
CUST_1110,42,Female,1,0,0
CUST_1111,18,Female,10,0,0
CUST_1112,30,Female,17,0,0
CUST_1113,33,Male,8,0,0
CUST_1114,48,Male,4,0,0
CUST_1115,33,Male,3,0,0
CUST_1116,19,Male,4,0,0
CUST_1117,40,Female,15,1,0
CUST_1118,33,Female,5,0,0
CUST_1119,30,Female,4,0,0
CUST_1120,37,Female,3,0,0
CUST_1121,23,Female,26,4,3
CUST_1122,24,Other,18,1,0
CUST_1123,31,Female,1,0,0
CUST_1124,22,Female,2,0,0
CUST_1125,48,Male,1,0,0
CUST_1126,49,Male,8,0,0
CUST_1127,18,Female,25,0,1
CUST_1128,27,Male,3,0,0
CUST_1129,20,Male,1,0,0
CUST_1130,41,Female,2,0,0
CUST_1131,33,Female,4,0,0
CUST_1132,32,Male,1,0,0
CUST_1133,27,Male,3,0,0
CUST_1134,27,Female,11,0,0
CUST_1135,29,Male,4,0,0
CUST_1136,29,Male,7,1,0
CUST_1137,45,Male,4,0,0
CUST_1138,40,Male,6,1,0
CUST_1139,25,Female,10,0,0
CUST_1140,21,Male,3,0,0
CUST_1141,18,Male,1,0,0
CUST_1142,28,Male,2,0,0
CUST_1143,22,Male,11,1,1
CUST_1144,33,Male,5,0,0
CUST_1145,25,Female,6,0,1
CUST_1146,52,Female,1,0,0
CUST_1147,36,Female,4,0,0
CUST_1148,51,Female,1,0,0
CUST_1149,27,Female,6,0,0
CUST_1150,53,Other,2,0,0
CUST_1151,40,Other,4,0,0
CUST_1152,29,Male,3,0,0
CUST_1153,41,Other,1,0,0
CUST_1154,19,Male,5,0,0
CUST_1155,50,Male,2,0,0
CUST_1156,42,Male,6,0,0
CUST_1157,20,Other,4,0,0
CUST_1158,46,Female,2,0,0
CUST_1159,32,Female,8,0,0
CUST_1160,21,Female,1,0,0
CUST_1161,38,Female,6,0,0
CUST_1162,18,Female,5,0,0
CUST_1163,27,Female,11,0,0
CUST_1164,38,Male,2,0,0
CUST_1165,29,Male,5,0,0
CUST_1166,34,Female,2,0,0
CUST_1167,32,Male,2,0,0
CUST_1168,44,Female,1,0,0
CUST_1169,23,Female,4,0,0
CUST_1170,40,Female,3,0,0
CUST_1171,31,Female,7,0,0
CUST_1172,31,Male,4,0,0
CUST_1173,29,Other,4,0,0
CUST_1174,30,Female,2,0,0
CUST_1175,36,Male,3,0,0
CUST_1176,39,Female,2,0,0
CUST_1177,30,Female,7,0,0
CUST_1178,44,Male,2,0,0
CUST_1179,19,Female,9,0,0
CUST_1180,58,Male,1,0,0
CUST_1181,39,Female,1,0,0
CUST_1182,53,Male,2,0,0
CUST_1183,46,Female,6,0,0
CUST_1184,27,Male,7,0,0
CUST_1185,40,Female,2,0,0
CUST_1186,33,Male,2,0,0
CUST_1187,37,Other,7,0,0
CUST_1188,45,Male,4,0,0
CUST_1189,33,Other,1,0,0
CUST_1190,26,Male,1,0,0
CUST_1191,23,Female,5,0,0
CUST_1192,48,Female,6,0,0
CUST_1193,44,Female,5,0,0
CUST_1194,45,Other,4,0,0
CUST_1195,19,Female,7,0,0
CUST_1196,29,Female,7,0,0
CUST_1197,32,Female,9,1,1
CUST_1198,41,Female,1,0,0
CUST_1199,32,Female,3,0,0
CUST_1200,27,Female,12,0,0
CUST_1201,49,Female,1,0,0
CUST_1202,24,Female,18,0,0
CUST_1203,39,Male,4,0,0
CUST_1204,45,Female,6,0,0
CUST_1205,31,Male,2,0,0
CUST_1206,40,Female,1,0,0
CUST_1207,39,Female,4,0,0
CUST_1208,31,Male,3,0,0
CUST_1209,28,Other,3,0,0
CUST_1210,30,Female,2,0,0
CUST_1211,18,Female,5,0,0
CUST_1212,24,Female,5,0,0
CUST_1213,28,Female,4,0,0
CUST_1214,41,Female,3,0,0
CUST_1215,34,Other,7,0,0
CUST_1216,32,Male,1,0,0
CUST_1217,23,Female,8,0,0
CUST_1218,23,Female,3,0,0
CUST_1219,27,Male,1,0,0
CUST_1220,52,Female,4,0,0
CUST_1221,31,Male,2,0,0
CUST_1222,31,Female,4,0,0
CUST_1223,35,Male,7,0,0
CUST_1224,24,Male,1,0,0
CUST_1225,35,Female,11,0,0
CUST_1226,20,Female,7,0,0
CUST_1227,29,Female,6,0,0
CUST_1228,27,Male,7,0,0
CUST_1229,48,Female,1,0,0
CUST_1230,39,Male,3,0,0
CUST_1231,22,Male,13,1,1
CUST_1232,18,Female,1,0,0
CUST_1233,34,Male,1,0,0
CUST_1234,18,Male,10,0,0
CUST_1235,34,Male,5,0,0
CUST_1236,48,Male,2,0,0
CUST_1237,37,Male,9,0,0
CUST_1238,37,Female,5,0,0
CUST_1239,30,Female,3,0,0
CUST_1240,30,Male,11,0,0
CUST_1241,42,Female,8,0,0
CUST_1242,31,Female,5,0,0
CUST_1243,35,Male,8,0,0
CUST_1244,18,Male,2,0,0
CUST_1245,30,Female,4,0,0
CUST_1246,38,Female,2,0,0
CUST_1247,37,Male,1,0,0
CUST_1248,22,Female,5,0,0
CUST_1249,40,Female,6,0,0
CUST_1250,36,Female,12,1,1
CUST_1251,18,Male,13,0,0
CUST_1252,22,Other,4,0,0
CUST_1253,28,Female,4,0,0
CUST_1254,23,Female,27,3,2
CUST_1255,45,Female,2,0,0
CUST_1256,30,Female,1,0,0
CUST_1257,43,Female,5,0,0
CUST_1258,20,Female,3,0,0
CUST_1259,46,Male,8,1,0
CUST_1260,30,Male,8,0,0
CUST_1261,26,Male,10,0,0
CUST_1262,30,Male,7,0,0
CUST_1263,41,Male,1,0,0
CUST_1264,30,Female,15,0,1
CUST_1265,29,Female,3,0,0
CUST_1266,29,Male,6,0,0
CUST_1267,50,Female,10,0,0
CUST_1268,25,Male,6,0,0
CUST_1269,24,Male,8,1,0
CUST_1270,38,Male,5,0,0
CUST_1271,24,Male,10,0,0
CUST_1272,45,Female,2,0,0
CUST_1273,40,Male,5,0,0
CUST_1274,27,Other,10,2,1
CUST_1275,37,Female,6,0,0
CUST_1276,18,Female,5,0,0
CUST_1277,24,Male,5,0,0
CUST_1278,25,Male,9,0,0
CUST_1279,18,Female,5,0,0
CUST_1280,48,Female,6,0,0
CUST_1281,21,Female,4,0,0
CUST_1282,18,Female,3,0,0
CUST_1283,25,Female,4,0,0
CUST_1284,38,Female,3,0,0
CUST_1285,29,Male,4,0,0
CUST_1286,28,Female,7,0,0
CUST_1287,27,Male,1,0,0
CUST_1288,19,Male,4,0,0
CUST_1289,19,Female,7,0,0
CUST_1290,34,Male,9,0,0
CUST_1291,32,Male,8,0,0
CUST_1292,35,Male,4,0,0
CUST_1293,42,Male,1,0,0
CUST_1294,20,Female,3,0,0
CUST_1295,21,Female,18,1,0
CUST_1296,30,Female,4,0,0
CUST_1297,28,Male,2,0,0
CUST_1298,27,Male,7,0,0
CUST_1299,36,Female,4,0,0
CUST_1300,51,Female,11,0,0
CUST_1301,32,Female,4,0,0
CUST_1302,27,Female,11,1,0
CUST_1303,41,Female,15,1,2
CUST_1304,18,Female,1,0,0
CUST_1305,37,Female,1,0,0
CUST_1306,32,Male,2,0,0
CUST_1307,31,Male,2,0,0
CUST_1308,42,Female,1,0,0
CUST_1309,39,Female,12,0,0
CUST_1310,26,Female,1,0,0
CUST_1311,42,Female,1,0,0
CUST_1312,18,Female,7,0,0
CUST_1313,23,Male,1,0,0
CUST_1314,18,Male,6,0,0
CUST_1315,22,Male,6,0,0
CUST_1316,35,Female,5,0,0
CUST_1317,27,Female,1,0,0
CUST_1318,39,Male,3,0,0
CUST_1319,47,Male,12,1,0
CUST_1320,35,Female,1,0,0
CUST_1321,32,Female,4,0,0
CUST_1322,19,Male,2,0,0
CUST_1323,38,Male,13,1,0
CUST_1324,35,Male,4,0,0
CUST_1325,36,Male,1,0,0
CUST_1326,33,Female,6,0,0
CUST_1327,19,Male,22,0,0
CUST_1328,44,Female,25,0,0
CUST_1329,20,Male,1,0,0
CUST_1330,36,Other,4,0,0
CUST_1331,29,Female,24,3,1
CUST_1332,18,Male,6,0,0
CUST_1333,38,Female,8,0,1
CUST_1334,43,Female,1,0,0
CUST_1335,32,Male,18,1,0
CUST_1336,50,Female,5,0,0
CUST_1337,25,Male,3,0,0
CUST_1338,31,Female,7,0,0
CUST_1339,36,Female,28,2,2
CUST_1340,59,Female,4,0,0
CUST_1341,32,Female,13,1,0
CUST_1342,18,Female,4,0,0
CUST_1343,31,Female,14,0,0
CUST_1344,44,Male,7,0,0
CUST_1345,39,Female,1,0,0
CUST_1346,32,Male,12,0,0
CUST_1347,22,Male,4,0,0
CUST_1348,39,Female,5,0,0
CUST_1349,39,Female,2,0,0
CUST_1350,41,Female,6,0,0
CUST_1351,44,Male,1,0,0
CUST_1352,34,Male,7,0,0
CUST_1353,28,Female,2,0,0
CUST_1354,32,Female,6,0,0
CUST_1355,30,Male,2,0,0
CUST_1356,22,Male,2,0,0
CUST_1357,27,Female,5,0,0
CUST_1358,26,Female,1,0,0
CUST_1359,45,Female,2,0,0
CUST_1360,38,Female,10,0,0
CUST_1361,26,Female,3,0,0
CUST_1362,18,Male,4,0,0
CUST_1363,21,Female,6,0,0
CUST_1364,38,Female,1,0,0
CUST_1365,34,Male,3,0,0
CUST_1366,18,Female,2,0,0
CUST_1367,46,Female,5,0,0
CUST_1368,31,Female,5,0,0
CUST_1369,37,Female,14,1,0
CUST_1370,30,Female,11,0,0
CUST_1371,18,Male,10,0,0
CUST_1372,41,Female,5,0,0
CUST_1373,28,Female,4,0,0
CUST_1374,47,Female,2,0,0
CUST_1375,43,Female,3,0,0
CUST_1376,41,Male,5,0,0
CUST_1377,40,Male,9,0,0
CUST_1378,34,Female,29,1,0
CUST_1379,38,Male,6,0,0
CUST_1380,45,Male,4,0,0
CUST_1381,47,Male,1,0,0
CUST_1382,21,Other,1,0,0
CUST_1383,18,Male,3,0,0
CUST_1384,29,Male,1,0,0
CUST_1385,22,Female,17,3,2
CUST_1386,50,Female,5,0,0
CUST_1387,28,Female,8,1,1
CUST_1388,33,Female,5,1,0
CUST_1389,20,Female,9,0,0
CUST_1390,49,Male,5,0,0
CUST_1391,29,Female,2,0,0
CUST_1392,18,Female,1,0,0
CUST_1393,23,Female,2,0,0
CUST_1394,45,Male,1,0,0
CUST_1395,18,Male,6,0,0
CUST_1396,45,Male,2,0,0
CUST_1397,24,Female,19,2,1
CUST_1398,41,Male,2,0,0
CUST_1399,26,Male,2,0,0
CUST_1400,28,Female,4,0,0
CUST_1401,18,Female,30,2,0
CUST_1402,22,Male,10,0,0
CUST_1403,40,Male,1,0,0
CUST_1404,18,Male,2,0,0
CUST_1405,40,Male,5,0,0
CUST_1406,38,Female,2,0,0
CUST_1407,32,Male,10,0,0
CUST_1408,44,Male,3,0,0
CUST_1409,41,Female,2,0,0
CUST_1410,33,Male,5,0,0
CUST_1411,33,Female,4,0,0
CUST_1412,25,Female,4,0,0
CUST_1413,44,Female,1,0,0
CUST_1414,22,Male,18,0,1
CUST_1415,21,Female,1,0,0
CUST_1416,41,Male,5,0,0
CUST_1417,27,Male,1,0,0
CUST_1418,38,Female,4,0,0
CUST_1419,37,Other,13,0,0
CUST_1420,18,Female,1,0,0
CUST_1421,33,Female,3,0,0
CUST_1422,32,Female,3,0,0
CUST_1423,37,Female,9,0,0
CUST_1424,41,Female,1,0,0
CUST_1425,18,Male,9,0,0
CUST_1426,28,Other,5,0,0
CUST_1427,37,Female,3,0,0
CUST_1428,25,Male,2,0,0
CUST_1429,34,Male,3,0,0
CUST_1430,18,Male,3,0,0
CUST_1431,33,Male,6,0,0
CUST_1432,47,Female,1,0,0
CUST_1433,22,Male,16,1,1
CUST_1434,48,Female,21,0,0
CUST_1435,42,Female,5,0,0
CUST_1436,23,Female,1,0,0
CUST_1437,35,Female,1,0,0
CUST_1438,38,Female,3,0,0
CUST_1439,18,Female,5,0,0
CUST_1440,28,Female,2,0,0
CUST_1441,19,Female,2,0,0
CUST_1442,33,Female,3,0,0
CUST_1443,32,Female,2,0,0
CUST_1444,30,Female,2,0,0
CUST_1445,23,Female,1,0,0
CUST_1446,36,Female,1,0,0
CUST_1447,33,Male,2,0,0
CUST_1448,43,Male,6,0,0
CUST_1449,37,Female,3,0,0
CUST_1450,32,Female,13,0,0
CUST_1451,35,Female,4,0,0
CUST_1452,26,Female,1,0,0
CUST_1453,20,Female,6,0,0
CUST_1454,36,Female,6,0,0
CUST_1455,18,Female,47,10,2
CUST_1456,45,Female,5,0,0
CUST_1457,24,Female,5,0,0
CUST_1458,31,Male,13,0,0
CUST_1459,21,Male,1,0,0
CUST_1460,33,Male,1,0,0
CUST_1461,46,Female,7,0,0
CUST_1462,29,Other,1,0,0
CUST_1463,36,Female,7,0,0
CUST_1464,36,Female,23,1,0
CUST_1465,30,Female,4,0,0
CUST_1466,34,Female,2,0,0
CUST_1467,41,Female,6,0,0
CUST_1468,31,Male,7,0,0
CUST_1469,38,Male,4,0,0
CUST_1470,18,Male,1,0,0
CUST_1471,23,Female,6,0,0
CUST_1472,39,Female,1,0,0
CUST_1473,33,Male,4,0,0
CUST_1474,34,Female,1,0,0
CUST_1475,34,Other,2,0,0
CUST_1476,53,Male,5,0,0
CUST_1477,44,Male,1,0,0
CUST_1478,37,Female,1,0,0
CUST_1479,40,Female,5,0,0
CUST_1480,35,Male,1,0,0
CUST_1481,38,Male,1,0,0
CUST_1482,24,Male,4,0,0
CUST_1483,23,Male,4,0,0
CUST_1484,26,Female,7,0,0
CUST_1485,46,Male,6,0,0
CUST_1486,28,Male,5,0,0
CUST_1487,35,Other,1,0,0
CUST_1488,37,Female,1,0,0
CUST_1489,56,Female,5,0,0
CUST_1490,33,Male,10,0,0
CUST_1491,37,Male,1,0,0
CUST_1492,46,Male,6,0,0
CUST_1493,34,Male,1,0,0
CUST_1494,33,Female,1,0,0
CUST_1495,31,Female,1,0,0
CUST_1496,36,Female,2,0,0
CUST_1497,36,Female,6,0,0
CUST_1498,25,Male,4,0,0
CUST_1499,51,Female,1,0,0
CUST_1500,23,Male,3,0,0
CUST_1501,39,Male,10,0,0
CUST_1502,22,Female,7,0,0
CUST_1503,31,Female,3,0,0
CUST_1504,30,Female,8,0,0
CUST_1505,35,Other,22,1,0
CUST_1506,31,Female,7,1,1
CUST_1507,35,Female,4,0,0
CUST_1508,32,Female,2,0,0
CUST_1509,35,Male,3,0,0
CUST_1510,27,Female,7,0,0
CUST_1511,25,Female,4,0,0
CUST_1512,31,Male,13,0,0
CUST_1513,20,Male,1,0,0
CUST_1514,18,Male,9,1,1
CUST_1515,49,Female,7,0,0
CUST_1516,42,Male,1,0,0
CUST_1517,43,Female,5,0,0
CUST_1518,18,Female,13,1,0
CUST_1519,18,Female,2,0,0
CUST_1520,19,Female,2,0,0
CUST_1521,40,Male,6,0,0
CUST_1522,30,Female,7,0,0
CUST_1523,31,Female,15,0,0
CUST_1524,45,Female,12,1,0
CUST_1525,38,Male,4,0,0
CUST_1526,27,Female,10,0,0
CUST_1527,40,Female,3,0,0
CUST_1528,47,Male,1,0,0
CUST_1529,24,Female,12,0,0
CUST_1530,39,Male,10,0,0
CUST_1531,19,Male,1,0,0
CUST_1532,47,Female,4,0,0
CUST_1533,18,Female,11,0,0
CUST_1534,39,Female,2,0,0
CUST_1535,22,Male,5,0,0
CUST_1536,40,Female,10,1,0
CUST_1537,32,Female,8,0,0
CUST_1538,33,Female,1,0,0
CUST_1539,44,Female,3,0,0
CUST_1540,41,Female,10,0,0
CUST_1541,31,Female,4,0,0
CUST_1542,23,Female,7,0,0
CUST_1543,37,Female,1,0,0
CUST_1544,29,Male,1,0,0
CUST_1545,24,Female,22,4,3
CUST_1546,55,Male,4,0,0
CUST_1547,35,Female,2,0,0
CUST_1548,18,Male,19,0,1
CUST_1549,34,Female,12,1,0
CUST_1550,27,Female,4,0,0
CUST_1551,60,Female,2,0,0
CUST_1552,23,Female,2,0,0
CUST_1553,32,Male,11,0,1
CUST_1554,37,Male,15,1,0
CUST_1555,41,Female,2,0,0
CUST_1556,27,Male,8,0,0
CUST_1557,30,Female,5,0,0
CUST_1558,47,Female,12,0,0
CUST_1559,32,Female,4,0,0
CUST_1560,33,Male,3,0,0
CUST_1561,18,Female,2,0,0
CUST_1562,37,Female,9,0,0
CUST_1563,18,Female,15,0,0
CUST_1564,32,Female,1,0,0
CUST_1565,24,Male,1,0,0
CUST_1566,28,Female,11,0,0
CUST_1567,29,Male,1,0,0
CUST_1568,18,Male,1,0,0
CUST_1569,30,Other,2,0,0
CUST_1570,30,Male,4,0,0
CUST_1571,37,Male,7,0,0
CUST_1572,34,Female,3,0,0
CUST_1573,32,Female,15,0,0
CUST_1574,39,Male,8,0,0
CUST_1575,28,Male,8,0,0
CUST_1576,32,Female,2,0,0
CUST_1577,20,Female,7,0,0
CUST_1578,37,Female,7,0,0
CUST_1579,28,Female,1,0,0
CUST_1580,44,Male,2,0,0
CUST_1581,52,Female,6,0,0
CUST_1582,51,Female,1,0,0
CUST_1583,35,Female,12,0,0
CUST_1584,24,Female,7,0,0
CUST_1585,31,Female,8,0,0
CUST_1586,23,Male,10,1,1
CUST_1587,25,Male,8,0,0
CUST_1588,36,Male,7,0,0
CUST_1589,30,Female,3,0,0
CUST_1590,49,Male,24,1,1
CUST_1591,25,Female,2,0,0
CUST_1592,28,Male,8,0,0
CUST_1593,36,Female,5,0,0
CUST_1594,32,Female,4,0,0
CUST_1595,48,Female,5,0,0
CUST_1596,49,Male,3,0,0
CUST_1597,18,Male,7,0,0
CUST_1598,32,Female,1,0,0
CUST_1599,25,Male,2,0,0
CUST_1600,18,Female,4,0,0
CUST_1601,36,Male,8,0,0
CUST_1602,41,Female,7,0,0
CUST_1603,49,Female,2,0,0
CUST_1604,34,Female,2,0,0
CUST_1605,31,Male,1,0,0
CUST_1606,30,Male,4,0,0
CUST_1607,42,Female,6,0,0
CUST_1608,24,Female,7,0,0
CUST_1609,25,Male,2,0,0
CUST_1610,35,Female,10,0,0
CUST_1611,34,Male,2,0,0
CUST_1612,27,Female,6,0,0
CUST_1613,36,Female,5,0,0
CUST_1614,30,Female,12,0,0
CUST_1615,36,Female,1,0,0
CUST_1616,24,Female,10,1,1
CUST_1617,31,Female,4,0,0
CUST_1618,39,Female,12,0,0
CUST_1619,38,Female,9,0,0
CUST_1620,30,Female,18,0,0
CUST_1621,43,Male,2,0,0
CUST_1622,33,Male,11,0,0
CUST_1623,28,Female,2,0,0
CUST_1624,34,Male,8,0,0
CUST_1625,39,Female,4,0,0
CUST_1626,31,Female,2,0,0
CUST_1627,30,Other,12,0,0
CUST_1628,33,Male,3,0,0
CUST_1629,35,Female,2,0,0
CUST_1630,52,Male,3,0,0
CUST_1631,33,Male,1,0,0
CUST_1632,44,Male,9,0,0
CUST_1633,30,Other,4,0,0
CUST_1634,28,Female,8,0,0
CUST_1635,29,Female,8,0,0
CUST_1636,32,Male,6,0,0
CUST_1637,18,Male,7,0,0
CUST_1638,18,Female,2,0,0
CUST_1639,33,Female,1,0,0
CUST_1640,24,Male,2,0,0
CUST_1641,44,Female,2,0,0
CUST_1642,34,Male,1,0,0
CUST_1643,28,Female,3,0,0
CUST_1644,21,Female,19,0,0
CUST_1645,47,Male,5,0,0
CUST_1646,22,Female,4,0,0
CUST_1647,41,Male,9,0,0
CUST_1648,39,Female,6,0,0
CUST_1649,20,Male,1,0,0
CUST_1650,45,Male,10,0,0
CUST_1651,41,Female,11,0,0
CUST_1652,22,Female,6,0,0
CUST_1653,24,Female,11,1,0
CUST_1654,23,Male,12,0,0
CUST_1655,29,Male,3,0,0
CUST_1656,25,Male,12,0,0
CUST_1657,19,Female,2,0,0
CUST_1658,31,Other,9,1,0
CUST_1659,26,Male,3,0,0
CUST_1660,40,Female,3,0,0
CUST_1661,32,Female,2,0,0
CUST_1662,29,Other,1,0,0
CUST_1663,37,Female,3,0,0
CUST_1664,37,Female,1,0,0
CUST_1665,28,Female,1,0,0
CUST_1666,23,Male,7,0,0
CUST_1667,39,Female,5,0,0
CUST_1668,45,Male,17,0,0
CUST_1669,41,Female,1,0,0
CUST_1670,35,Female,2,0,0
CUST_1671,18,Male,1,0,0
CUST_1672,28,Other,4,0,0
CUST_1673,44,Female,6,0,0
CUST_1674,49,Female,1,0,0
CUST_1675,42,Female,1,0,0
CUST_1676,35,Female,3,0,0
CUST_1677,33,Female,4,0,0
CUST_1678,44,Male,1,0,0
CUST_1679,32,Male,1,0,0
CUST_1680,48,Male,3,0,0
CUST_1681,33,Male,9,0,0
CUST_1682,48,Female,3,0,0
CUST_1683,35,Female,7,0,0
CUST_1684,43,Female,8,0,0
CUST_1685,47,Male,9,0,0
CUST_1686,44,Female,1,0,0
CUST_1687,28,Female,1,0,0
CUST_1688,38,Female,2,0,0
CUST_1689,21,Male,31,1,1
CUST_1690,46,Male,14,0,0
CUST_1691,38,Female,1,0,0
CUST_1692,18,Male,3,0,0
CUST_1693,26,Female,1,0,0
CUST_1694,39,Male,10,1,0
CUST_1695,40,Male,10,0,0
CUST_1696,28,Female,2,0,0
CUST_1697,35,Female,2,0,0
CUST_1698,43,Female,1,0,0
CUST_1699,30,Male,3,0,0
CUST_1700,38,Male,5,0,0
CUST_1701,21,Other,5,0,0
CUST_1702,30,Female,5,0,0
CUST_1703,18,Female,5,0,0
CUST_1704,18,Female,5,0,0
CUST_1705,18,Female,1,0,0
CUST_1706,31,Male,10,0,0
CUST_1707,36,Female,1,0,0
CUST_1708,35,Female,3,0,0
CUST_1709,39,Male,4,0,0
CUST_1710,35,Male,8,0,0
CUST_1711,38,Female,5,0,0
CUST_1712,31,Male,6,0,0
CUST_1713,32,Male,8,0,0
CUST_1714,33,Female,7,0,0
CUST_1715,25,Female,20,0,0
CUST_1716,29,Female,5,0,0
CUST_1717,21,Male,3,0,0
CUST_1718,43,Female,12,1,0
CUST_1719,18,Female,2,0,0
CUST_1720,18,Male,1,0,0
CUST_1721,35,Male,2,0,0
CUST_1722,22,Female,21,0,1
CUST_1723,30,Female,1,0,0
CUST_1724,38,Male,1,0,0
CUST_1725,18,Female,11,0,1
CUST_1726,31,Male,2,0,0
CUST_1727,38,Male,16,1,1
CUST_1728,18,Female,11,1,0
CUST_1729,33,Female,4,0,0
CUST_1730,39,Female,16,0,0
CUST_1731,28,Female,5,0,0
CUST_1732,32,Female,13,0,0
CUST_1733,34,Male,5,0,0
CUST_1734,21,Female,3,0,0
CUST_1735,32,Male,3,0,0
CUST_1736,33,Female,4,0,0
CUST_1737,41,Female,16,0,0
CUST_1738,33,Male,2,0,0
CUST_1739,42,Female,15,0,1
CUST_1740,35,Male,2,0,0
CUST_1741,22,Female,1,0,0
CUST_1742,39,Male,9,1,0
CUST_1743,37,Female,3,0,0
CUST_1744,26,Female,3,0,0
CUST_1745,44,Male,19,0,0
CUST_1746,39,Male,5,0,0
CUST_1747,29,Male,17,0,0
CUST_1748,40,Male,5,0,0
CUST_1749,45,Female,4,0,0
CUST_1750,18,Female,2,0,0
CUST_1751,44,Female,1,0,0
CUST_1752,42,Female,2,0,0
CUST_1753,49,Male,7,0,0
CUST_1754,39,Female,10,0,0
CUST_1755,39,Female,5,0,0
CUST_1756,18,Female,8,1,1
CUST_1757,22,Male,3,0,0
CUST_1758,30,Female,3,0,0
CUST_1759,50,Male,2,0,0
CUST_1760,39,Female,1,0,0
CUST_1761,23,Male,25,1,0
CUST_1762,48,Female,3,0,0
CUST_1763,32,Female,10,0,0
CUST_1764,38,Female,3,0,0
CUST_1765,22,Other,1,0,0
CUST_1766,45,Male,2,0,0
CUST_1767,35,Male,6,0,0
CUST_1768,54,Female,13,0,0
CUST_1769,33,Female,1,0,0
CUST_1770,19,Male,2,0,0
CUST_1771,35,Female,3,0,0
CUST_1772,41,Male,5,0,0
CUST_1773,39,Male,4,0,0
CUST_1774,21,Female,4,0,0
CUST_1775,35,Female,6,0,0
CUST_1776,29,Male,4,0,0
CUST_1777,31,Female,4,0,0
CUST_1778,38,Female,3,0,0
CUST_1779,32,Male,8,1,0
CUST_1780,39,Female,1,0,0
CUST_1781,21,Male,5,0,0
CUST_1782,35,Female,9,0,0
CUST_1783,35,Male,3,0,0
CUST_1784,29,Male,1,0,0
CUST_1785,28,Female,6,0,0
CUST_1786,23,Female,6,0,0
CUST_1787,23,Male,6,0,0
CUST_1788,37,Male,10,0,0
CUST_1789,32,Male,3,0,0
CUST_1790,28,Male,2,0,0
CUST_1791,38,Female,4,0,0
CUST_1792,34,Female,1,0,0
CUST_1793,18,Male,6,0,0
CUST_1794,32,Female,6,0,0
CUST_1795,18,Male,2,0,0
CUST_1796,36,Female,1,0,0
CUST_1797,23,Female,1,0,0
CUST_1798,39,Other,2,0,0
CUST_1799,23,Male,16,0,0
CUST_1800,20,Female,1,0,0
CUST_1801,39,Male,1,0,0
CUST_1802,32,Male,2,0,0
CUST_1803,27,Female,1,0,0
CUST_1804,26,Female,5,0,0
CUST_1805,36,Male,9,0,0
CUST_1806,25,Female,2,0,0
CUST_1807,47,Female,1,0,0
CUST_1808,29,Female,1,0,0
CUST_1809,32,Female,2,0,0
CUST_1810,38,Male,1,0,0
CUST_1811,18,Female,2,0,0
CUST_1812,29,Female,7,0,0
CUST_1813,18,Female,7,0,0
CUST_1814,42,Male,4,0,0
CUST_1815,25,Male,3,0,0
CUST_1816,42,Female,10,0,0
CUST_1817,37,Male,6,0,0
CUST_1818,31,Female,2,0,0
CUST_1819,23,Female,3,0,0
CUST_1820,26,Male,7,0,0
CUST_1821,43,Male,5,0,0
CUST_1822,28,Female,3,0,0
CUST_1823,24,Male,5,0,0
CUST_1824,27,Female,3,0,0
CUST_1825,20,Male,2,0,0
CUST_1826,34,Male,17,0,0
CUST_1827,26,Female,4,0,0
CUST_1828,42,Male,8,0,0
CUST_1829,29,Male,1,0,0
CUST_1830,36,Female,20,0,0
CUST_1831,39,Male,1,0,0
CUST_1832,24,Male,12,0,0
CUST_1833,29,Female,7,0,0
CUST_1834,30,Male,7,0,0
CUST_1835,44,Male,7,0,0
CUST_1836,48,Female,8,0,0
CUST_1837,40,Female,9,0,0
CUST_1838,41,Female,5,0,0
CUST_1839,30,Female,13,0,0
CUST_1840,42,Female,1,0,0
CUST_1841,21,Male,4,0,0
CUST_1842,34,Female,1,0,0
CUST_1843,34,Female,9,0,0
CUST_1844,43,Female,2,0,0
CUST_1845,21,Male,3,0,0
CUST_1846,37,Other,1,0,0
CUST_1847,31,Male,14,0,0
CUST_1848,30,Female,2,0,0
CUST_1849,22,Female,5,0,0
CUST_1850,44,Female,1,0,0
CUST_1851,44,Female,11,0,1
CUST_1852,18,Female,11,0,0
CUST_1853,21,Male,6,0,0
CUST_1854,34,Other,3,0,0
CUST_1855,25,Male,1,0,0
CUST_1856,37,Female,1,0,0
CUST_1857,26,Female,5,0,0
CUST_1858,41,Male,5,0,0
CUST_1859,30,Female,2,0,0
CUST_1860,40,Male,1,0,0
CUST_1861,34,Female,1,0,0
CUST_1862,37,Female,7,0,0
CUST_1863,43,Male,1,0,0
CUST_1864,49,Female,5,0,0
CUST_1865,26,Female,7,0,0
CUST_1866,34,Male,1,0,0
CUST_1867,18,Female,1,0,0
CUST_1868,18,Female,5,0,0
CUST_1869,47,Male,4,0,0
CUST_1870,22,Female,3,0,0
CUST_1871,28,Female,4,0,0
CUST_1872,18,Female,3,0,0
CUST_1873,32,Male,15,0,0
CUST_1874,35,Female,2,0,0
CUST_1875,35,Female,12,0,0
CUST_1876,58,Female,9,0,0
CUST_1877,44,Male,16,0,0
CUST_1878,18,Female,2,0,0
CUST_1879,47,Female,1,0,0
CUST_1880,31,Female,5,0,0
CUST_1881,35,Male,13,0,0
CUST_1882,26,Female,2,0,0
CUST_1883,35,Male,2,0,0
CUST_1884,29,Female,1,0,0
CUST_1885,42,Female,2,0,0
CUST_1886,44,Female,5,0,0
CUST_1887,21,Male,17,0,0
CUST_1888,19,Female,4,0,0
CUST_1889,24,Male,4,0,0
CUST_1890,18,Female,6,0,0
CUST_1891,26,Male,2,0,0
CUST_1892,42,Male,13,0,1
CUST_1893,47,Female,2,0,0
CUST_1894,33,Male,5,0,0
CUST_1895,47,Female,6,0,0
CUST_1896,27,Male,7,0,0
CUST_1897,48,Male,1,0,0
CUST_1898,29,Female,6,0,0
CUST_1899,18,Male,3,0,0
CUST_1900,35,Female,3,0,0
CUST_1901,39,Male,3,0,0
CUST_1902,29,Female,3,0,0
CUST_1903,18,Male,7,0,0
CUST_1904,50,Female,7,0,0
CUST_1905,49,Male,4,0,0
CUST_1906,50,Male,11,0,0
CUST_1907,21,Female,1,0,0
CUST_1908,33,Female,4,0,0
CUST_1909,25,Male,5,0,0
CUST_1910,37,Female,3,0,0
CUST_1911,42,Male,3,0,0
CUST_1912,18,Female,1,0,0
CUST_1913,26,Female,2,0,0
CUST_1914,22,Male,2,0,0
CUST_1915,37,Other,2,0,0
CUST_1916,42,Male,3,0,0
CUST_1917,23,Female,12,0,0
CUST_1918,34,Female,2,0,0
CUST_1919,31,Female,3,0,0
CUST_1920,21,Female,9,0,0
CUST_1921,38,Female,6,0,0
CUST_1922,25,Male,2,0,0
CUST_1923,30,Female,9,0,0
CUST_1924,27,Male,11,0,0
CUST_1925,35,Female,7,0,0
CUST_1926,33,Female,3,0,0
CUST_1927,18,Female,1,0,0
CUST_1928,28,Male,1,0,0
CUST_1929,28,Female,1,0,0
CUST_1930,44,Female,7,0,0
CUST_1931,22,Male,10,0,0
CUST_1932,30,Female,2,0,0
CUST_1933,24,Female,3,0,0
CUST_1934,27,Female,13,0,1
CUST_1935,18,Female,9,0,0
CUST_1936,41,Female,1,0,0
CUST_1937,37,Male,13,0,0
CUST_1938,18,Female,9,0,0
CUST_1939,29,Female,15,2,0
CUST_1940,48,Male,4,0,0
CUST_1941,34,Male,1,0,0
CUST_1942,37,Other,2,0,0
CUST_1943,36,Male,2,0,0
CUST_1944,28,Male,1,0,0
CUST_1945,34,Female,2,0,0
CUST_1946,31,Male,2,0,0
CUST_1947,19,Female,17,2,1
CUST_1948,27,Male,9,0,0
CUST_1949,23,Female,2,0,0
CUST_1950,30,Male,5,0,0
CUST_1951,55,Female,8,0,0
CUST_1952,39,Male,4,0,0
CUST_1953,37,Female,4,0,0
CUST_1954,25,Female,3,0,0
CUST_1955,21,Male,1,0,0
CUST_1956,24,Female,2,0,0
CUST_1957,18,Male,2,0,0
CUST_1958,22,Male,9,0,0
CUST_1959,42,Male,3,0,0
CUST_1960,33,Male,1,0,0
CUST_1961,23,Male,3,0,0
CUST_1962,30,Female,16,0,1
CUST_1963,18,Male,3,0,0
CUST_1964,39,Female,2,0,0
CUST_1965,33,Male,2,0,0
CUST_1966,29,Female,1,0,0
CUST_1967,44,Male,2,0,0
CUST_1968,41,Female,6,0,0
CUST_1969,21,Female,1,0,0
CUST_1970,18,Female,1,0,0
CUST_1971,53,Female,3,0,0
CUST_1972,20,Female,5,0,0
CUST_1973,26,Male,1,0,0
CUST_1974,39,Male,4,0,0
CUST_1975,42,Female,3,0,0
CUST_1976,36,Female,5,0,0
CUST_1977,32,Female,5,0,0
CUST_1978,25,Female,11,0,0
CUST_1979,56,Male,4,0,0
CUST_1980,41,Other,4,0,0
CUST_1981,29,Female,9,1,1
CUST_1982,37,Female,9,0,0
CUST_1983,35,Female,5,0,0
CUST_1984,31,Female,3,0,0
CUST_1985,18,Male,16,1,1
CUST_1986,31,Female,1,0,0
CUST_1987,32,Female,8,0,0
CUST_1988,35,Other,4,0,0
CUST_1989,45,Male,6,0,0
CUST_1990,31,Male,5,0,0
CUST_1991,19,Female,3,0,0
CUST_1992,29,Male,11,0,0
CUST_1993,36,Male,3,0,0
CUST_1994,18,Male,5,0,0
CUST_1995,36,Female,3,0,0
CUST_1996,39,Male,2,0,0
CUST_1997,32,Female,2,0,0
CUST_1998,41,Female,2,0,0
CUST_1999,34,Other,7,0,0
CUST_2000,38,Female,3,0,0
